event_id,event_type,occurred_at,student_id,group_id,module_id,entity_id,attempt_no,passed,activity_kind
e01,assignment_published,2026-09-20T09:00:00Z,student-a,group-25,module-7,assignment-a,,,
e02,assignment_published,2026-09-20T09:00:00Z,student-b,group-25,module-7,assignment-b,,,
e03,assignment_published,2026-09-20T09:00:00Z,student-c,group-25,module-7,assignment-c,,,
e04,assignment_published,2026-09-20T09:00:00Z,student-d,group-25,module-7,assignment-d,,,
e05,submission_created,2026-09-22T00:00:00Z,student-a,group-25,module-7,submission-a,,,
e06,homework_reviewed,2026-09-23T06:00:00Z,student-a,group-25,module-7,submission-a,,,
e07,submission_created,2026-09-21T00:00:00Z,student-b,group-25,module-7,submission-b,,,
e08,homework_reviewed,2026-09-24T00:00:00Z,student-b,group-25,module-7,submission-b,,,
e09,autotest_completed,2026-09-22T08:00:00Z,student-a,group-25,module-7,test-a,1,true,
e10,autotest_completed,2026-09-22T08:00:00Z,student-b,group-25,module-7,test-b,1,false,
e11,autotest_completed,2026-09-22T08:00:00Z,student-c,group-25,module-7,test-c,1,false,
e12,autotest_completed,2026-09-22T08:00:00Z,student-d,group-25,module-7,test-d,1,false,
e13,autotest_completed,2026-09-22T09:00:00Z,student-b,group-25,module-7,test-b,2,true,
e14,activity_recorded,2026-09-25T12:00:00Z,student-a,group-25,module-7,commit-a,,,commit
e15,activity_recorded,2026-09-22T00:00:00Z,student-b,group-25,module-7,view-b,,,view
e16,activity_recorded,2026-09-24T00:00:00Z,student-c,group-25,module-7,commit-c,,,commit
e17,support_ticket_opened,2026-09-24T10:00:00Z,student-a,group-25,module-7,ticket-a,,,
e18,support_ticket_answered,2026-09-24T11:00:00Z,student-a,group-25,module-7,ticket-a,,,
e19,support_ticket_opened,2026-09-24T10:00:00Z,student-b,group-25,module-7,ticket-b,,,
e20,support_ticket_answered,2026-09-24T17:00:00Z,student-b,group-25,module-7,ticket-b,,,
e20,support_ticket_answered,2026-09-24T17:00:00Z,student-b,group-25,module-7,ticket-b,,,
